id,dni,nombre,apellido,telefono,email,dir_calle,dir_numero
1,65279554,Hugo,Rodríguez,972606525,hugo.rodriguez@example.com,Paseo de Extremadura,3743
2,60405943,John,Vargas,929924062,john.vargas@example.com,Calle del Barquillo,181
3,00767419,Luis,Gómez,945186352,luis.gomez@example.com,Avenida del Planetario,2906
4,52006626,Miguel,Herrera,908485114,miguel.herrera@example.com,Avenida de Andalucía,9318
6,69152142,Cristóbal,Castillo,900415021,cristobal.castillo@example.com,Calle del Pez,510
7,27677984,Carmelo,Ferrer,916403960,carmelo.ferrer@example.com,Calle del Prado,8812
8,07584154,Aitor,Ramírez,918260206,aitor.ramirez@example.com,Avenida de Castilla,1490
9,49199716,Jordi,Sánchez,995489574,jordi.sanchez@example.com,Calle de La Democracia,8554
10,05591897,German,Carmona,988102233,german.carmona@example.com,Avenida de Burgos,6647
11,99333845,Isaac,Márquez,992357443,isaac.marquez@example.com,Calle de Bravo Murillo,2494
12,26684931,Ignacio,Suarez,955845725,ignacio.suarez@example.com,Calle de Bravo Murillo,5302
13,93811648,Gonzalo,Márquez,997316003,gonzalo.marquez@example.com,Calle del Pez,1075
14,48941412,Dolores,Molina,917477290,dolores.molina@example.com,Avenida de La Albufera,7875
15,14428835,Aurora,Garrido,950595916,aurora.garrido@example.com,Calle Covadonga,142
16,09085747,Elisa,Rubio,930753837,elisa.rubio@example.com,Avenida de América,8847
17,19145706,Inés,Arias,924052976,ines.arias@example.com,Calle de Argumosa,8129
18,85848264,Virginia,Bravo,967719787,virginia.bravo@example.com,Calle Covadonga,6682
19,60114836,Cesar,Cabrera,985781364,cesar.cabrera@example.com,Calle del Barquillo,4675
20,53173052,Isaac,Benítez,923685765,isaac.benitez@example.com,Calle de La Luna,8623
21,78553906,Silvia,Serrano,974117079,silvia.serrano@example.com,Avenida de Salamanca,2772
22,15886950,Claudia,Ortiz,917154397,claudia.ortiz@example.com,Calle de Arturo Soria,3349
23,26053504,Iván,Garrido,943965589,ivan.garrido@example.com,Calle del Arenal,8875
24,35518578,Gloria,Gil,967945329,gloria.gil@example.com,Calle Mota,4739
25,45420182,Daniela,Ruiz,993223330,daniela.ruiz@example.com,Calle de La Almudena,8611
26,48433858,Lucas,Hernández,911641449,lucas.hernandez@example.com,Calle de Arganzuela,763
27,14510121,Claudia,Méndez,995132086,claudia.mendez@example.com,Paseo de Zorrilla,8975
28,80133476,Soledad,Moreno,984966775,soledad.moreno@example.com,Calle de Alberto Aguilera,3332
29,43636774,Rosa,Gil,911006675,rosa.gil@example.com,Calle de Segovia,7456
30,96555627,Josep,Diaz,972847172,josep.diaz@example.com,Calle de Atocha,5318
31,55554679,Roberto,Reyes,945893156,roberto.reyes@example.com,Calle de Pedro Bosch,8617
32,55216557,Julio,Pérez,963605906,julio.perez@example.com,Calle de Ferraz,1848
33,24618452,Begoña,Ferrer,991449829,begona.ferrer@example.com,Avenida de Burgos,7055
34,29324449,Jordi,Bravo,938266794,jordi.bravo@example.com,Calle del Prado,9426
35,24709608,Arturo,Garrido,908479891,arturo.garrido@example.com,Calle Mota,6795
36,68395841,Joaquin,Velasco,946004474,joaquin.velasco@example.com,Avenida de Castilla,129
37,58946671,Félix,Ortega,938209080,felix.ortega@example.com,Calle Mota,7277
38,09911904,Pablo,Vega,985381902,pablo.vega@example.com,Calle Covadonga,5487
39,23617477,Jorge,Diaz,973009080,jorge.diaz@example.com,Calle de Toledo,3753
40,48321618,Víctor,Cortes,904466325,victor.cortes@example.com,Calle del Barquillo,772
41,45803807,Isabel,Gutiérrez,977539635,isabel.gutierrez@example.com,Paseo de Zorrilla,2854
42,42566579,Consuelo,Bravo,986996255,consuelo.bravo@example.com,Calle de Arturo Soria,91
43,17620185,Alfonso,Soto,988514428,alfonso.soto@example.com,Avenida de La Albufera,7914
44,19128163,Nuria,Vargas,948003124,nuria.vargas@example.com,Calle de Segovia,7962
45,71278733,Jordi,Soto,997264757,jordi.soto@example.com,Calle de Téllez,8549
46,87084117,Raúl,Arias,997591710,raul.arias@example.com,Paseo de Zorrilla,1356
47,32675899,Beatriz,Cano,905876408,beatriz.cano@example.com,Avenida del Planetario,6212
48,79244081,Claudia,Vázquez,914056668,claudia.vazquez@example.com,Calle de Arganzuela,7656
49,78647318,Benito,Pascual,974050855,benito.pascual@example.com,Avenida de Castilla,4940
50,51175708,Ramon,Sáez,908287177,ramon.saez@example.com,Calle de Ángel García,2397
51,32586510,Eric,Ponin,154160338,eric_ponin@example.com,Rawson,4636
